Protocol,Sector,Source,Year(Calendar Year), GHG Emissions(mt CO2e) ,,,,,,,,
Global Protocol for Community-Scale Greenhouse Gas Emission Inventories,Commercial/Industrial/Large Residential,Electricity,2005,"2,513,636",,,,,,,,
Global Protocol for Community-Scale Greenhouse Gas Emission Inventories,Commercial/Industrial/Large Residential,Electricity,2006,"2,193,105",,,,,,,,
Global Protocol for Community-Scale Greenhouse Gas Emission Inventories,Commercial/Industrial/Large Residential,Electricity,2007,"2,506,091",,,,,,,,
Global Protocol for Community-Scale Greenhouse Gas Emission Inventories,Commercial/Industrial/Large Residential,Electricity,2008,"2,458,906",,,,,,,,
Global Protocol for Community-Scale Greenhouse Gas Emission Inventories,Commercial/Industrial/Large Residential,Electricity,2009,"2,236,563",,,,,,,,
Global Protocol for Community-Scale Greenhouse Gas Emission Inventories,Commercial/Industrial/Large Residential,Electricity,2010,"2,261,843",,,,,,,,
Global Protocol for Community-Scale Greenhouse Gas Emission Inventories,Commercial/Industrial/Large Residential,Electricity,2011,"2,118,624",,,,,,,,
Global Protocol for Community-Scale Greenhouse Gas Emission Inventories,Commercial/Industrial/Large Residential,Electricity,2012,"1,883,819",,,,,,,,
Global Protocol for Community-Scale Greenhouse Gas Emission Inventories,Commercial/Industrial/Large Residential,Electricity,2013,"1,885,570",,,,,,,,
Global Protocol for Community-Scale Greenhouse Gas Emission Inventories,Commercial/Industrial/Large Residential,Electricity,2014,"1,905,547",,,,,,,,
Global Protocol for Community-Scale Greenhouse Gas Emission Inventories,Commercial/Industrial/Large Residential,Electricity,2015,"1,988,389",,,,,,,,
Global Protocol for Community-Scale Greenhouse Gas Emission Inventories,Commercial/Industrial/Large Residential,Electricity,2016,"1,790,583",,,,,,,,
Global Protocol for Community-Scale Greenhouse Gas Emission Inventories,Commercial/Industrial/Large Residential,Electricity,2017,"1,738,300",,,,,,,,
Global Protocol for Community-Scale Greenhouse Gas Emission Inventories,Commercial/Industrial/Large Residential,Electricity,2018,"1,630,233",,,,,,,,
Global Protocol for Community-Scale Greenhouse Gas Emission Inventories,Commercial/Industrial/Large Residential,Electricity,2019,"1,590,867",,,,,,,,
Global Protocol for Community-Scale Greenhouse Gas Emission Inventories,Commercial/Industrial/Large Residential,Fuel Oil,2005,"417,865",,,,,,,,
Global Protocol for Community-Scale Greenhouse Gas Emission Inventories,Commercial/Industrial/Large Residential,Fuel Oil,2006,"292,509",,,,,,,,
Global Protocol for Community-Scale Greenhouse Gas Emission Inventories,Commercial/Industrial/Large Residential,Fuel Oil,2007,"288,561",,,,,,,,
Global Protocol for Community-Scale Greenhouse Gas Emission Inventories,Commercial/Industrial/Large Residential,Fuel Oil,2008,"208,381",,,,,,,,
Global Protocol for Community-Scale Greenhouse Gas Emission Inventories,Commercial/Industrial/Large Residential,Fuel Oil,2009,"266,718",,,,,,,,
Global Protocol for Community-Scale Greenhouse Gas Emission Inventories,Commercial/Industrial/Large Residential,Fuel Oil,2010,"452,417",,,,,,,,
Global Protocol for Community-Scale Greenhouse Gas Emission Inventories,Commercial/Industrial/Large Residential,Fuel Oil,2011,"296,312",,,,,,,,
Global Protocol for Community-Scale Greenhouse Gas Emission Inventories,Commercial/Industrial/Large Residential,Fuel Oil,2012,"192,173",,,,,,,,
Global Protocol for Community-Scale Greenhouse Gas Emission Inventories,Commercial/Industrial/Large Residential,Fuel Oil,2013,"201,216",,,,,,,,
Global Protocol for Community-Scale Greenhouse Gas Emission Inventories,Commercial/Industrial/Large Residential,Fuel Oil,2014,"226,317",,,,,,,,
Global Protocol for Community-Scale Greenhouse Gas Emission Inventories,Commercial/Industrial/Large Residential,Fuel Oil,2015,"231,517",,,,,,,,
Global Protocol for Community-Scale Greenhouse Gas Emission Inventories,Commercial/Industrial/Large Residential,Fuel Oil,2016,"138,273",,,,,,,,
Global Protocol for Community-Scale Greenhouse Gas Emission Inventories,Commercial/Industrial/Large Residential,Fuel Oil,2017,"156,654",,,,,,,,
Global Protocol for Community-Scale Greenhouse Gas Emission Inventories,Commercial/Industrial/Large Residential,Fuel Oil,2018,"161,163",,,,,,,,
Global Protocol for Community-Scale Greenhouse Gas Emission Inventories,Commercial/Industrial/Large Residential,Fuel Oil,2019,"162,570",,,,,,,,
Global Protocol for Community-Scale Greenhouse Gas Emission Inventories,Commercial/Industrial/Large Residential,Natural Gas,2005,"1,082,796",,,,,,,,
Global Protocol for Community-Scale Greenhouse Gas Emission Inventories,Commercial/Industrial/Large Residential,Natural Gas,2006,"1,068,737",,,,,,,,
Global Protocol for Community-Scale Greenhouse Gas Emission Inventories,Commercial/Industrial/Large Residential,Natural Gas,2007,"1,124,786",,,,,,,,
Global Protocol for Community-Scale Greenhouse Gas Emission Inventories,Commercial/Industrial/Large Residential,Natural Gas,2008,"1,183,985",,,,,,,,
Global Protocol for Community-Scale Greenhouse Gas Emission Inventories,Commercial/Industrial/Large Residential,Natural Gas,2009,"1,109,123",,,,,,,,
Global Protocol for Community-Scale Greenhouse Gas Emission Inventories,Commercial/Industrial/Large Residential,Natural Gas,2010,"1,118,167",,,,,,,,
Global Protocol for Community-Scale Greenhouse Gas Emission Inventories,Commercial/Industrial/Large Residential,Natural Gas,2011,"1,150,003",,,,,,,,
Global Protocol for Community-Scale Greenhouse Gas Emission Inventories,Commercial/Industrial/Large Residential,Natural Gas,2012,"1,053,562",,,,,,,,
Global Protocol for Community-Scale Greenhouse Gas Emission Inventories,Commercial/Industrial/Large Residential,Natural Gas,2013,"1,185,444",,,,,,,,
Global Protocol for Community-Scale Greenhouse Gas Emission Inventories,Commercial/Industrial/Large Residential,Natural Gas,2014,"1,252,271",,,,,,,,
Global Protocol for Community-Scale Greenhouse Gas Emission Inventories,Commercial/Industrial/Large Residential,Natural Gas,2015,"1,349,883",,,,,,,,
Global Protocol for Community-Scale Greenhouse Gas Emission Inventories,Commercial/Industrial/Large Residential,Natural Gas,2016,"1,240,286",,,,,,,,
Global Protocol for Community-Scale Greenhouse Gas Emission Inventories,Commercial/Industrial/Large Residential,Natural Gas,2017,"1,239,513",,,,,,,,
Global Protocol for Community-Scale Greenhouse Gas Emission Inventories,Commercial/Industrial/Large Residential,Natural Gas,2018,"1,331,914",,,,,,,,
Global Protocol for Community-Scale Greenhouse Gas Emission Inventories,Commercial/Industrial/Large Residential,Natural Gas,2019,"1,321,707",,,,,,,,
Global Protocol for Community-Scale Greenhouse Gas Emission Inventories,Commercial/Industrial/Large Residential,Steam,2005,"304,006",,,,,,,,
Global Protocol for Community-Scale Greenhouse Gas Emission Inventories,Commercial/Industrial/Large Residential,Steam,2006,"219,342",,,,,,,,
Global Protocol for Community-Scale Greenhouse Gas Emission Inventories,Commercial/Industrial/Large Residential,Steam,2007,"198,224",,,,,,,,
Global Protocol for Community-Scale Greenhouse Gas Emission Inventories,Commercial/Industrial/Large Residential,Steam,2008,"184,180",,,,,,,,
Global Protocol for Community-Scale Greenhouse Gas Emission Inventories,Commercial/Industrial/Large Residential,Steam,2009,"154,148",,,,,,,,
Global Protocol for Community-Scale Greenhouse Gas Emission Inventories,Commercial/Industrial/Large Residential,Steam,2010,"132,181",,,,,,,,
Global Protocol for Community-Scale Greenhouse Gas Emission Inventories,Commercial/Industrial/Large Residential,Steam,2011,"162,114",,,,,,,,
Global Protocol for Community-Scale Greenhouse Gas Emission Inventories,Commercial/Industrial/Large Residential,Steam,2012,"134,436",,,,,,,,
Global Protocol for Community-Scale Greenhouse Gas Emission Inventories,Commercial/Industrial/Large Residential,Steam,2013,"176,616",,,,,,,,
Global Protocol for Community-Scale Greenhouse Gas Emission Inventories,Commercial/Industrial/Large Residential,Steam,2014,"193,990",,,,,,,,
Global Protocol for Community-Scale Greenhouse Gas Emission Inventories,Commercial/Industrial/Large Residential,Steam,2015,"101,790",,,,,,,,
Global Protocol for Community-Scale Greenhouse Gas Emission Inventories,Commercial/Industrial/Large Residential,Steam,2016,"127,661",,,,,,,,
Global Protocol for Community-Scale Greenhouse Gas Emission Inventories,Commercial/Industrial/Large Residential,Steam,2017,"76,242",,,,,,,,
Global Protocol for Community-Scale Greenhouse Gas Emission Inventories,Commercial/Industrial/Large Residential,Steam,2018,"103,774",,,,,,,,
Global Protocol for Community-Scale Greenhouse Gas Emission Inventories,Commercial/Industrial/Large Residential,Steam,2019,"74,788",,,,,,,,
Global Protocol for Community-Scale Greenhouse Gas Emission Inventories,Small Residential,Electricity,2005,"545,778",,,,,,,,
Global Protocol for Community-Scale Greenhouse Gas Emission Inventories,Small Residential,Electricity,2006,"460,610",,,,,,,,
Global Protocol for Community-Scale Greenhouse Gas Emission Inventories,Small Residential,Electricity,2007,"517,384",,,,,,,,
Global Protocol for Community-Scale Greenhouse Gas Emission Inventories,Small Residential,Electricity,2008,"506,594",,,,,,,,
Global Protocol for Community-Scale Greenhouse Gas Emission Inventories,Small Residential,Electricity,2009,"464,085",,,,,,,,
Global Protocol for Community-Scale Greenhouse Gas Emission Inventories,Small Residential,Electricity,2010,"497,202",,,,,,,,
Global Protocol for Community-Scale Greenhouse Gas Emission Inventories,Small Residential,Electricity,2011,"468,863",,,,,,,,
Global Protocol for Community-Scale Greenhouse Gas Emission Inventories,Small Residential,Electricity,2012,"430,057",,,,,,,,
Global Protocol for Community-Scale Greenhouse Gas Emission Inventories,Small Residential,Electricity,2013,"441,537",,,,,,,,
Global Protocol for Community-Scale Greenhouse Gas Emission Inventories,Small Residential,Electricity,2014,"434,517",,,,,,,,
Global Protocol for Community-Scale Greenhouse Gas Emission Inventories,Small Residential,Electricity,2015,"450,710",,,,,,,,
Global Protocol for Community-Scale Greenhouse Gas Emission Inventories,Small Residential,Electricity,2016,"414,815",,,,,,,,
Global Protocol for Community-Scale Greenhouse Gas Emission Inventories,Small Residential,Electricity,2017,"393,769",,,,,,,,
Global Protocol for Community-Scale Greenhouse Gas Emission Inventories,Small Residential,Electricity,2018,"405,040",,,,,,,,
Global Protocol for Community-Scale Greenhouse Gas Emission Inventories,Small Residential,Electricity,2019,"372,140",,,,,,,,
Global Protocol for Community-Scale Greenhouse Gas Emission Inventories,Small Residential,Fuel Oil,2005,"401,887",,,,,,,,
Global Protocol for Community-Scale Greenhouse Gas Emission Inventories,Small Residential,Fuel Oil,2006,"408,776",,,,,,,,
Global Protocol for Community-Scale Greenhouse Gas Emission Inventories,Small Residential,Fuel Oil,2007,"372,078",,,,,,,,
Global Protocol for Community-Scale Greenhouse Gas Emission Inventories,Small Residential,Fuel Oil,2008,"382,537",,,,,,,,
Global Protocol for Community-Scale Greenhouse Gas Emission Inventories,Small Residential,Fuel Oil,2009,"386,535",,,,,,,,
Global Protocol for Community-Scale Greenhouse Gas Emission Inventories,Small Residential,Fuel Oil,2010,"369,463",,,,,,,,
Global Protocol for Community-Scale Greenhouse Gas Emission Inventories,Small Residential,Fuel Oil,2011,"279,116",,,,,,,,
Global Protocol for Community-Scale Greenhouse Gas Emission Inventories,Small Residential,Fuel Oil,2012,"244,802",,,,,,,,
Global Protocol for Community-Scale Greenhouse Gas Emission Inventories,Small Residential,Fuel Oil,2013,"249,076",,,,,,,,
Global Protocol for Community-Scale Greenhouse Gas Emission Inventories,Small Residential,Fuel Oil,2014,"241,487",,,,,,,,
Global Protocol for Community-Scale Greenhouse Gas Emission Inventories,Small Residential,Fuel Oil,2015,"256,655",,,,,,,,
Global Protocol for Community-Scale Greenhouse Gas Emission Inventories,Small Residential,Fuel Oil,2016,"259,974",,,,,,,,
Global Protocol for Community-Scale Greenhouse Gas Emission Inventories,Small Residential,Fuel Oil,2017,"204,343",,,,,,,,
Global Protocol for Community-Scale Greenhouse Gas Emission Inventories,Small Residential,Fuel Oil,2018,"198,128",,,,,,,,
Global Protocol for Community-Scale Greenhouse Gas Emission Inventories,Small Residential,Fuel Oil,2019,"168,634",,,,,,,,
Global Protocol for Community-Scale Greenhouse Gas Emission Inventories,Small Residential,Natural Gas,2005,"588,322",,,,,,,,
Global Protocol for Community-Scale Greenhouse Gas Emission Inventories,Small Residential,Natural Gas,2006,"527,807",,,,,,,,
Global Protocol for Community-Scale Greenhouse Gas Emission Inventories,Small Residential,Natural Gas,2007,"571,849",,,,,,,,
Global Protocol for Community-Scale Greenhouse Gas Emission Inventories,Small Residential,Natural Gas,2008,"573,561",,,,,,,,
Global Protocol for Community-Scale Greenhouse Gas Emission Inventories,Small Residential,Natural Gas,2009,"572,857",,,,,,,,
Global Protocol for Community-Scale Greenhouse Gas Emission Inventories,Small Residential,Natural Gas,2010,"556,817",,,,,,,,
Global Protocol for Community-Scale Greenhouse Gas Emission Inventories,Small Residential,Natural Gas,2011,"576,908",,,,,,,,
Global Protocol for Community-Scale Greenhouse Gas Emission Inventories,Small Residential,Natural Gas,2012,"504,988",,,,,,,,
Global Protocol for Community-Scale Greenhouse Gas Emission Inventories,Small Residential,Natural Gas,2013,"586,381",,,,,,,,
Global Protocol for Community-Scale Greenhouse Gas Emission Inventories,Small Residential,Natural Gas,2014,"620,010",,,,,,,,
Global Protocol for Community-Scale Greenhouse Gas Emission Inventories,Small Residential,Natural Gas,2015,"617,809",,,,,,,,
Global Protocol for Community-Scale Greenhouse Gas Emission Inventories,Small Residential,Natural Gas,2016,"533,101",,,,,,,,
Global Protocol for Community-Scale Greenhouse Gas Emission Inventories,Small Residential,Natural Gas,2017,"558,681",,,,,,,,
Global Protocol for Community-Scale Greenhouse Gas Emission Inventories,Small Residential,Natural Gas,2018,"625,848",,,,,,,,
Global Protocol for Community-Scale Greenhouse Gas Emission Inventories,Small Residential,Natural Gas,2019,"601,626",,,,,,,,
Global Protocol for Community-Scale Greenhouse Gas Emission Inventories,Small Residential,Steam,2005,"37,574",,,,,,,,
Global Protocol for Community-Scale Greenhouse Gas Emission Inventories,Small Residential,Steam,2006,"27,110",,,,,,,,
Global Protocol for Community-Scale Greenhouse Gas Emission Inventories,Small Residential,Steam,2007,"24,500",,,,,,,,
Global Protocol for Community-Scale Greenhouse Gas Emission Inventories,Small Residential,Steam,2008,"22,764",,,,,,,,
Global Protocol for Community-Scale Greenhouse Gas Emission Inventories,Small Residential,Steam,2009,"21,020",,,,,,,,
Global Protocol for Community-Scale Greenhouse Gas Emission Inventories,Small Residential,Steam,2010,"16,337",,,,,,,,
Global Protocol for Community-Scale Greenhouse Gas Emission Inventories,Small Residential,Steam,2011,"22,107",,,,,,,,
Global Protocol for Community-Scale Greenhouse Gas Emission Inventories,Small Residential,Steam,2012,"16,616",,,,,,,,
Global Protocol for Community-Scale Greenhouse Gas Emission Inventories,Small Residential,Steam,2013,"11,753",,,,,,,,
Global Protocol for Community-Scale Greenhouse Gas Emission Inventories,Small Residential,Steam,2014,"12,909",,,,,,,,
Global Protocol for Community-Scale Greenhouse Gas Emission Inventories,Small Residential,Steam,2015,"6,497",,,,,,,,
Global Protocol for Community-Scale Greenhouse Gas Emission Inventories,Small Residential,Steam,2016,"8,149",,,,,,,,
Global Protocol for Community-Scale Greenhouse Gas Emission Inventories,Small Residential,Steam,2017,"4,867",,,,,,,,
Global Protocol for Community-Scale Greenhouse Gas Emission Inventories,Small Residential,Steam,2018,"6,624",,,,,,,,
Global Protocol for Community-Scale Greenhouse Gas Emission Inventories,Small Residential,Steam,2019,"4,774",,,,,,,,
Global Protocol for Community-Scale Greenhouse Gas Emission Inventories,All Sectors,Fugitive gas,2005,"27,289",,,,,,,,
Global Protocol for Community-Scale Greenhouse Gas Emission Inventories,All Sectors,Fugitive gas,2006,"27,946",,,,,,,,
Global Protocol for Community-Scale Greenhouse Gas Emission Inventories,All Sectors,Fugitive gas,2007,"29,069",,,,,,,,
Global Protocol for Community-Scale Greenhouse Gas Emission Inventories,All Sectors,Fugitive gas,2008,"30,587",,,,,,,,
Global Protocol for Community-Scale Greenhouse Gas Emission Inventories,All Sectors,Fugitive gas,2009,"29,054",,,,,,,,
Global Protocol for Community-Scale Greenhouse Gas Emission Inventories,All Sectors,Fugitive gas,2010,"29,136",,,,,,,,
Global Protocol for Community-Scale Greenhouse Gas Emission Inventories,All Sectors,Fugitive gas,2011,"30,565",,,,,,,,
Global Protocol for Community-Scale Greenhouse Gas Emission Inventories,All Sectors,Fugitive gas,2012,"27,296",,,,,,,,
Global Protocol for Community-Scale Greenhouse Gas Emission Inventories,All Sectors,Fugitive gas,2013,"30,653",,,,,,,, 
Global Protocol for Community-Scale Greenhouse Gas Emission Inventories,All Sectors,Fugitive gas,2014,"31,145",,,,,,,,
Global Protocol for Community-Scale Greenhouse Gas Emission Inventories,All Sectors,Fugitive gas,2015,"32,714",,,,,,,,
Global Protocol for Community-Scale Greenhouse Gas Emission Inventories,All Sectors,Fugitive gas,2016,"30,324",,,,,,,,
Global Protocol for Community-Scale Greenhouse Gas Emission Inventories,All Sectors,Fugitive gas,2017,"28,883",,,,,,,,
Global Protocol for Community-Scale Greenhouse Gas Emission Inventories,All Sectors,Fugitive gas,2018,"30,763",,,,,,,,
Global Protocol for Community-Scale Greenhouse Gas Emission Inventories,All Sectors,Fugitive gas,2019,"30,217",,,,,,,,
Global Protocol for Community-Scale Greenhouse Gas Emission Inventories,Transportation,BPS Buses,2005,"13,992",,,,,,,,
Global Protocol for Community-Scale Greenhouse Gas Emission Inventories,Transportation,BPS Buses,2006,"14,437",,,,,,,,
Global Protocol for Community-Scale Greenhouse Gas Emission Inventories,Transportation,BPS Buses,2007,"14,969",,,,,,,,
Global Protocol for Community-Scale Greenhouse Gas Emission Inventories,Transportation,BPS Buses,2008,"15,052",,,,,,,,
Global Protocol for Community-Scale Greenhouse Gas Emission Inventories,Transportation,BPS Buses,2009,"14,490",,,,,,,,
Global Protocol for Community-Scale Greenhouse Gas Emission Inventories,Transportation,BPS Buses,2010,"14,370",,,,,,,,
Global Protocol for Community-Scale Greenhouse Gas Emission Inventories,Transportation,BPS Buses,2011,"14,740",,,,,,,,
Global Protocol for Community-Scale Greenhouse Gas Emission Inventories,Transportation,BPS Buses,2012,"14,945",,,,,,,,
Global Protocol for Community-Scale Greenhouse Gas Emission Inventories,Transportation,BPS Buses,2013,"15,599",,,,,,,,
Global Protocol for Community-Scale Greenhouse Gas Emission Inventories,Transportation,BPS Buses,2014,"15,201",,,,,,,,
Global Protocol for Community-Scale Greenhouse Gas Emission Inventories,Transportation,BPS Buses,2015,"13,588",,,,,,,,
Global Protocol for Community-Scale Greenhouse Gas Emission Inventories,Transportation,BPS Buses,2016,"15,747",,,,,,,,
Global Protocol for Community-Scale Greenhouse Gas Emission Inventories,Transportation,BPS Buses,2017,"14,491",,,,,,,,
Global Protocol for Community-Scale Greenhouse Gas Emission Inventories,Transportation,BPS Buses,2018,"13,854",,,,,,,,
Global Protocol for Community-Scale Greenhouse Gas Emission Inventories,Transportation,BPS Buses,2019,"11,434",,,,,,,,
Global Protocol for Community-Scale Greenhouse Gas Emission Inventories,Transportation,Massport CNG,2005,"11,494",,,,,,,,
Global Protocol for Community-Scale Greenhouse Gas Emission Inventories,Transportation,Massport CNG,2006,"11,765",,,,,,,,
Global Protocol for Community-Scale Greenhouse Gas Emission Inventories,Transportation,Massport CNG,2007,"11,926",,,,,,,,
Global Protocol for Community-Scale Greenhouse Gas Emission Inventories,Transportation,Massport CNG,2008,"11,403",,,,,,,,
Global Protocol for Community-Scale Greenhouse Gas Emission Inventories,Transportation,Massport CNG,2009,"6,893",,,,,,,,
Global Protocol for Community-Scale Greenhouse Gas Emission Inventories,Transportation,Massport CNG,2010,"1,991",,,,,,,,
Global Protocol for Community-Scale Greenhouse Gas Emission Inventories,Transportation,Massport CNG,2011,"2,998",,,,,,,,
Global Protocol for Community-Scale Greenhouse Gas Emission Inventories,Transportation,Massport CNG,2012,"3,410",,,,,,,,
Global Protocol for Community-Scale Greenhouse Gas Emission Inventories,Transportation,Massport CNG,2013,"1,607",,,,,,,,
Global Protocol for Community-Scale Greenhouse Gas Emission Inventories,Transportation,Massport CNG,2014,"1,772",,,,,,,,
Global Protocol for Community-Scale Greenhouse Gas Emission Inventories,Transportation,Massport CNG,2015,"1,799",,,,,,,,
Global Protocol for Community-Scale Greenhouse Gas Emission Inventories,Transportation,Massport CNG,2016,"1,864",,,,,,,,
Global Protocol for Community-Scale Greenhouse Gas Emission Inventories,Transportation,Massport CNG,2017,"2,076",,,,,,,,
Global Protocol for Community-Scale Greenhouse Gas Emission Inventories,Transportation,Massport CNG,2018,"2,076",,,,,,,,
Global Protocol for Community-Scale Greenhouse Gas Emission Inventories,Transportation,Massport CNG,2019,"6,128",,,,,,,,
Global Protocol for Community-Scale Greenhouse Gas Emission Inventories,Transportation,Massport Diesel,2005,"11,208",,,,,,,,
Global Protocol for Community-Scale Greenhouse Gas Emission Inventories,Transportation,Massport Diesel,2006,"11,471",,,,,,,,
Global Protocol for Community-Scale Greenhouse Gas Emission Inventories,Transportation,Massport Diesel,2007,"11,625",,,,,,,,
Global Protocol for Community-Scale Greenhouse Gas Emission Inventories,Transportation,Massport Diesel,2008,"11,143",,,,,,,,
Global Protocol for Community-Scale Greenhouse Gas Emission Inventories,Transportation,Massport Diesel,2009,"12,027",,,,,,,,
Global Protocol for Community-Scale Greenhouse Gas Emission Inventories,Transportation,Massport Diesel,2010,"12,556",,,,,,,,
Global Protocol for Community-Scale Greenhouse Gas Emission Inventories,Transportation,Massport Diesel,2011,"11,342",,,,,,,,
Global Protocol for Community-Scale Greenhouse Gas Emission Inventories,Transportation,Massport Diesel,2012,"10,054",,,,,,,,
Global Protocol for Community-Scale Greenhouse Gas Emission Inventories,Transportation,Massport Diesel,2013,"12,559",,,,,,,,
Global Protocol for Community-Scale Greenhouse Gas Emission Inventories,Transportation,Massport Diesel,2014,"12,668",,,,,,,,
Global Protocol for Community-Scale Greenhouse Gas Emission Inventories,Transportation,Massport Diesel,2015,"13,086",,,,,,,,
Global Protocol for Community-Scale Greenhouse Gas Emission Inventories,Transportation,Massport Diesel,2016,"9,669",,,,,,,,
Global Protocol for Community-Scale Greenhouse Gas Emission Inventories,Transportation,Massport Diesel,2017,"14,566",,,,,,,,
Global Protocol for Community-Scale Greenhouse Gas Emission Inventories,Transportation,Massport Diesel,2018,"14,566",,,,,,,,
Global Protocol for Community-Scale Greenhouse Gas Emission Inventories,Transportation,Massport Diesel,2019,"13,424",,,,,,,,
Global Protocol for Community-Scale Greenhouse Gas Emission Inventories,Transportation,Massport Gasoline,2005,"6,972",,,,,,,,
Global Protocol for Community-Scale Greenhouse Gas Emission Inventories,Transportation,Massport Gasoline,2006,"7,136",,,,,,,,
Global Protocol for Community-Scale Greenhouse Gas Emission Inventories,Transportation,Massport Gasoline,2007,"7,233",,,,,,,,
Global Protocol for Community-Scale Greenhouse Gas Emission Inventories,Transportation,Massport Gasoline,2008,"6,591",,,,,,,,
Global Protocol for Community-Scale Greenhouse Gas Emission Inventories,Transportation,Massport Gasoline,2009,"11,269",,,,,,,,
Global Protocol for Community-Scale Greenhouse Gas Emission Inventories,Transportation,Massport Gasoline,2010,"6,158",,,,,,,,
Global Protocol for Community-Scale Greenhouse Gas Emission Inventories,Transportation,Massport Gasoline,2011,"4,196",,,,,,,,
Global Protocol for Community-Scale Greenhouse Gas Emission Inventories,Transportation,Massport Gasoline,2012,"6,527",,,,,,,,
Global Protocol for Community-Scale Greenhouse Gas Emission Inventories,Transportation,Massport Gasoline,2013,"7,795",,,,,,,,
Global Protocol for Community-Scale Greenhouse Gas Emission Inventories,Transportation,Massport Gasoline,2014,"7,343",,,,,,,,
Global Protocol for Community-Scale Greenhouse Gas Emission Inventories,Transportation,Massport Gasoline,2015,"7,755",,,,,,,,
Global Protocol for Community-Scale Greenhouse Gas Emission Inventories,Transportation,Massport Gasoline,2016,"6,865",,,,,,,,
Global Protocol for Community-Scale Greenhouse Gas Emission Inventories,Transportation,Massport Gasoline,2017,"8,736",,,,,,,,
Global Protocol for Community-Scale Greenhouse Gas Emission Inventories,Transportation,Massport Gasoline,2018,"8,736",,,,,,,,
Global Protocol for Community-Scale Greenhouse Gas Emission Inventories,Transportation,Massport Gasoline,2019,"11,356",,,,,,,,
Global Protocol for Community-Scale Greenhouse Gas Emission Inventories,Transportation,MBTA CNG,2005,"15,185",,,,,,,,
Global Protocol for Community-Scale Greenhouse Gas Emission Inventories,Transportation,MBTA CNG,2006,"15,185",,,,,,,,
Global Protocol for Community-Scale Greenhouse Gas Emission Inventories,Transportation,MBTA CNG,2007,"15,185",,,,,,,,
Global Protocol for Community-Scale Greenhouse Gas Emission Inventories,Transportation,MBTA CNG,2008,"15,185",,,,,,,,
Global Protocol for Community-Scale Greenhouse Gas Emission Inventories,Transportation,MBTA CNG,2009,"12,910",,,,,,,,
Global Protocol for Community-Scale Greenhouse Gas Emission Inventories,Transportation,MBTA CNG,2010,"12,131",,,,,,,,
Global Protocol for Community-Scale Greenhouse Gas Emission Inventories,Transportation,MBTA CNG,2011,"13,358",,,,,,,,
Global Protocol for Community-Scale Greenhouse Gas Emission Inventories,Transportation,MBTA CNG,2012,"14,232",,,,,,,,
Global Protocol for Community-Scale Greenhouse Gas Emission Inventories,Transportation,MBTA CNG,2013,"14,098",,,,,,,,
Global Protocol for Community-Scale Greenhouse Gas Emission Inventories,Transportation,MBTA CNG,2014,"14,098",,,,,,,,
Global Protocol for Community-Scale Greenhouse Gas Emission Inventories,Transportation,MBTA CNG,2015,"16,322",,,,,,,,
Global Protocol for Community-Scale Greenhouse Gas Emission Inventories,Transportation,MBTA CNG,2016,"11,621",,,,,,,,
Global Protocol for Community-Scale Greenhouse Gas Emission Inventories,Transportation,MBTA CNG,2017,"7,625",,,,,,,,
Global Protocol for Community-Scale Greenhouse Gas Emission Inventories,Transportation,MBTA CNG,2018,"6,763",,,,,,,,
Global Protocol for Community-Scale Greenhouse Gas Emission Inventories,Transportation,MBTA CNG,2019,"6,128",,,,,,,,
Global Protocol for Community-Scale Greenhouse Gas Emission Inventories,Transportation,MBTA Diesel,2005,"54,781",,,,,,,,
Global Protocol for Community-Scale Greenhouse Gas Emission Inventories,Transportation,MBTA Diesel,2006,"52,850",,,,,,,,
Global Protocol for Community-Scale Greenhouse Gas Emission Inventories,Transportation,MBTA Diesel,2007,"56,153",,,,,,,,
Global Protocol for Community-Scale Greenhouse Gas Emission Inventories,Transportation,MBTA Diesel,2008,"56,458",,,,,,,,
Global Protocol for Community-Scale Greenhouse Gas Emission Inventories,Transportation,MBTA Diesel,2009,"57,695",,,,,,,,
Global Protocol for Community-Scale Greenhouse Gas Emission Inventories,Transportation,MBTA Diesel,2010,"59,137",,,,,,,,
Global Protocol for Community-Scale Greenhouse Gas Emission Inventories,Transportation,MBTA Diesel,2011,"56,801",,,,,,,,
Global Protocol for Community-Scale Greenhouse Gas Emission Inventories,Transportation,MBTA Diesel,2012,"55,289",,,,,,,,
Global Protocol for Community-Scale Greenhouse Gas Emission Inventories,Transportation,MBTA Diesel,2013,"56,921",,,,,,,,
Global Protocol for Community-Scale Greenhouse Gas Emission Inventories,Transportation,MBTA Diesel,2014,"58,882",,,,,,,,
Global Protocol for Community-Scale Greenhouse Gas Emission Inventories,Transportation,MBTA Diesel,2015,"59,779",,,,,,,,
Global Protocol for Community-Scale Greenhouse Gas Emission Inventories,Transportation,MBTA Diesel,2016,"53,148",,,,,,,,
Global Protocol for Community-Scale Greenhouse Gas Emission Inventories,Transportation,MBTA Diesel,2017,"56,338",,,,,,,,
Global Protocol for Community-Scale Greenhouse Gas Emission Inventories,Transportation,MBTA Diesel,2018,"57,390",,,,,,,,
Global Protocol for Community-Scale Greenhouse Gas Emission Inventories,Transportation,MBTA Diesel,2019,"55,320",,,,,,,,
Global Protocol for Community-Scale Greenhouse Gas Emission Inventories,Transportation,MBTA Electricity,2005,"71,503",,,,,,,,
Global Protocol for Community-Scale Greenhouse Gas Emission Inventories,Transportation,MBTA Electricity,2006,"57,175",,,,,,,,
Global Protocol for Community-Scale Greenhouse Gas Emission Inventories,Transportation,MBTA Electricity,2007,"67,421",,,,,,,,
Global Protocol for Community-Scale Greenhouse Gas Emission Inventories,Transportation,MBTA Electricity,2008,"67,423",,,,,,,,
Global Protocol for Community-Scale Greenhouse Gas Emission Inventories,Transportation,MBTA Electricity,2009,"62,015",,,,,,,,
Global Protocol for Community-Scale Greenhouse Gas Emission Inventories,Transportation,MBTA Electricity,2010,"62,054",,,,,,,,
Global Protocol for Community-Scale Greenhouse Gas Emission Inventories,Transportation,MBTA Electricity,2011,"58,497",,,,,,,,
Global Protocol for Community-Scale Greenhouse Gas Emission Inventories,Transportation,MBTA Electricity,2012,"54,730",,,,,,,,
Global Protocol for Community-Scale Greenhouse Gas Emission Inventories,Transportation,MBTA Electricity,2013,"55,757",,,,,,,,
Global Protocol for Community-Scale Greenhouse Gas Emission Inventories,Transportation,MBTA Electricity,2014,"56,429",,,,,,,,
Global Protocol for Community-Scale Greenhouse Gas Emission Inventories,Transportation,MBTA Electricity,2015,"56,116",,,,,,,,
Global Protocol for Community-Scale Greenhouse Gas Emission Inventories,Transportation,MBTA Electricity,2016,"53,090",,,,,,,,
Global Protocol for Community-Scale Greenhouse Gas Emission Inventories,Transportation,MBTA Electricity,2017,"49,756",,,,,,,,
Global Protocol for Community-Scale Greenhouse Gas Emission Inventories,Transportation,MBTA Electricity,2018,"48,140",,,,,,,,
Global Protocol for Community-Scale Greenhouse Gas Emission Inventories,Transportation,MBTA Electricity,2019,"45,999",,,,,,,,
Global Protocol for Community-Scale Greenhouse Gas Emission Inventories,Transportation,MBTA Gasoline,2005,"6,984",,,,,,,,
Global Protocol for Community-Scale Greenhouse Gas Emission Inventories,Transportation,MBTA Gasoline,2006,"7,009",,,,,,,,
Global Protocol for Community-Scale Greenhouse Gas Emission Inventories,Transportation,MBTA Gasoline,2007,"7,106",,,,,,,,
Global Protocol for Community-Scale Greenhouse Gas Emission Inventories,Transportation,MBTA Gasoline,2008,"7,253",,,,,,,,
Global Protocol for Community-Scale Greenhouse Gas Emission Inventories,Transportation,MBTA Gasoline,2009,"7,105",,,,,,,,
Global Protocol for Community-Scale Greenhouse Gas Emission Inventories,Transportation,MBTA Gasoline,2010,"7,393",,,,,,,,
Global Protocol for Community-Scale Greenhouse Gas Emission Inventories,Transportation,MBTA Gasoline,2011,"8,135",,,,,,,,
Global Protocol for Community-Scale Greenhouse Gas Emission Inventories,Transportation,MBTA Gasoline,2012,"8,419",,,,,,,,
Global Protocol for Community-Scale Greenhouse Gas Emission Inventories,Transportation,MBTA Gasoline,2013,"7,269",,,,,,,,
Global Protocol for Community-Scale Greenhouse Gas Emission Inventories,Transportation,MBTA Gasoline,2014,"7,396",,,,,,,,
Global Protocol for Community-Scale Greenhouse Gas Emission Inventories,Transportation,MBTA Gasoline,2015,"7,688",,,,,,,,
Global Protocol for Community-Scale Greenhouse Gas Emission Inventories,Transportation,MBTA Gasoline,2016,"8,045",,,,,,,,
Global Protocol for Community-Scale Greenhouse Gas Emission Inventories,Transportation,MBTA Gasoline,2017,"6,812",,,,,,,,
Global Protocol for Community-Scale Greenhouse Gas Emission Inventories,Transportation,MBTA Gasoline,2018,"7,376",,,,,,,,
Global Protocol for Community-Scale Greenhouse Gas Emission Inventories,Transportation,MBTA Gasoline,2019,"7,643",,,,,,,,
Global Protocol for Community-Scale Greenhouse Gas Emission Inventories,Transportation,Other municipal fleets,2005,"18,949",,,,,,,,
Global Protocol for Community-Scale Greenhouse Gas Emission Inventories,Transportation,Other municipal fleets,2006,"19,615",,,,,,,,
Global Protocol for Community-Scale Greenhouse Gas Emission Inventories,Transportation,Other municipal fleets,2007,"19,957",,,,,,,,
Global Protocol for Community-Scale Greenhouse Gas Emission Inventories,Transportation,Other municipal fleets,2008,"19,752",,,,,,,,
Global Protocol for Community-Scale Greenhouse Gas Emission Inventories,Transportation,Other municipal fleets,2009,"19,264",,,,,,,,
Global Protocol for Community-Scale Greenhouse Gas Emission Inventories,Transportation,Other municipal fleets,2010,"18,626",,,,,,,,
Global Protocol for Community-Scale Greenhouse Gas Emission Inventories,Transportation,Other municipal fleets,2011,"18,454",,,,,,,,
Global Protocol for Community-Scale Greenhouse Gas Emission Inventories,Transportation,Other municipal fleets,2012,"18,926",,,,,,,,
Global Protocol for Community-Scale Greenhouse Gas Emission Inventories,Transportation,Other municipal fleets,2013,"19,358",,,,,,,,
Global Protocol for Community-Scale Greenhouse Gas Emission Inventories,Transportation,Other municipal fleets,2014,"20,832",,,,,,,,
Global Protocol for Community-Scale Greenhouse Gas Emission Inventories,Transportation,Other municipal fleets,2015,"20,995",,,,,,,,
Global Protocol for Community-Scale Greenhouse Gas Emission Inventories,Transportation,Other municipal fleets,2016,"18,640",,,,,,,,
Global Protocol for Community-Scale Greenhouse Gas Emission Inventories,Transportation,Other municipal fleets,2017,"17,166",,,,,,,,
Global Protocol for Community-Scale Greenhouse Gas Emission Inventories,Transportation,Other municipal fleets,2018,"16,343",,,,,,,,
Global Protocol for Community-Scale Greenhouse Gas Emission Inventories,Transportation,Other municipal fleets,2019,"15,423",,,,,,,,
Global Protocol for Community-Scale Greenhouse Gas Emission Inventories,Transportation,Vehicle Fuel,2005,"1,702,810",,,,,,,,
Global Protocol for Community-Scale Greenhouse Gas Emission Inventories,Transportation,Vehicle Fuel,2006,"1,704,181",,,,,,,,
Global Protocol for Community-Scale Greenhouse Gas Emission Inventories,Transportation,Vehicle Fuel,2007,"1,746,063",,,,,,,,
Global Protocol for Community-Scale Greenhouse Gas Emission Inventories,Transportation,Vehicle Fuel,2008,"1,674,556",,,,,,,,
Global Protocol for Community-Scale Greenhouse Gas Emission Inventories,Transportation,Vehicle Fuel,2009,"1,637,330",,,,,,,,
Global Protocol for Community-Scale Greenhouse Gas Emission Inventories,Transportation,Vehicle Fuel,2010,"1,644,095",,,,,,,,
Global Protocol for Community-Scale Greenhouse Gas Emission Inventories,Transportation,Vehicle Fuel,2011,"1,641,156",,,,,,,,
Global Protocol for Community-Scale Greenhouse Gas Emission Inventories,Transportation,Vehicle Fuel,2012,"1,593,701",,,,,,,,
Global Protocol for Community-Scale Greenhouse Gas Emission Inventories,Transportation,Vehicle Fuel,2013,"1,648,512",,,,,,,,
Global Protocol for Community-Scale Greenhouse Gas Emission Inventories,Transportation,Vehicle Fuel,2014,"1,605,918",,,,,,,,
Global Protocol for Community-Scale Greenhouse Gas Emission Inventories,Transportation,Vehicle Fuel,2015,"1,689,830",,,,,,,,
Global Protocol for Community-Scale Greenhouse Gas Emission Inventories,Transportation,Vehicle Fuel,2016,"1,670,189",,,,,,,,
Global Protocol for Community-Scale Greenhouse Gas Emission Inventories,Transportation,Vehicle Fuel,2017,"1,616,859",,,,,,,,
Global Protocol for Community-Scale Greenhouse Gas Emission Inventories,Transportation,Vehicle Fuel,2018,"1,679,455",,,,,,,,
Global Protocol for Community-Scale Greenhouse Gas Emission Inventories,Transportation,Vehicle Fuel,2019,"1,677,381",,,,,,,,
Global Protocol for Community-Scale Greenhouse Gas Emission Inventories,Waste,Waste Water,2005,"16,821",,,,,,,,
Global Protocol for Community-Scale Greenhouse Gas Emission Inventories,Waste,Waste Water,2006,"16,693",,,,,,,,
Global Protocol for Community-Scale Greenhouse Gas Emission Inventories,Waste,Waste Water,2007,"16,894",,,,,,,,
Global Protocol for Community-Scale Greenhouse Gas Emission Inventories,Waste,Waste Water,2008,"17,089",,,,,,,,
Global Protocol for Community-Scale Greenhouse Gas Emission Inventories,Waste,Waste Water,2009,"17,384",,, ,,,,,
Global Protocol for Community-Scale Greenhouse Gas Emission Inventories,Waste,Waste Water,2010,"17,282",,,,,,,,
Global Protocol for Community-Scale Greenhouse Gas Emission Inventories,Waste,Waste Water,2011,"17,414",,,,,,,,
Global Protocol for Community-Scale Greenhouse Gas Emission Inventories,Waste,Waste Water,2012,"17,636",,,,,,,,
Global Protocol for Community-Scale Greenhouse Gas Emission Inventories,Waste,Waste Water,2013,"17,887",,,,,,,,
Global Protocol for Community-Scale Greenhouse Gas Emission Inventories,Waste,Waste Water,2014,"17,919",,,,,,,,
Global Protocol for Community-Scale Greenhouse Gas Emission Inventories,Waste,Waste Water,2015,"17,923",,,,,,,,
Global Protocol for Community-Scale Greenhouse Gas Emission Inventories,Waste,Waste Water,2016,"17,404",,,,,,,,
Global Protocol for Community-Scale Greenhouse Gas Emission Inventories,Waste,Waste Water,2017,"17,363",,,,,,,,
Global Protocol for Community-Scale Greenhouse Gas Emission Inventories,Waste,Waste Water,2018,"17,549",,,,,,,,
Global Protocol for Community-Scale Greenhouse Gas Emission Inventories,Waste,Waste Water,2019,"18,321",,,,,,,,
Global Protocol for Community-Scale Greenhouse Gas Emission Inventories,Waste,Compost,2018,698,,,,,,,,
Global Protocol for Community-Scale Greenhouse Gas Emission Inventories,Waste,Compost,2019,699,,,,,,,,
